zbs_cod,km2,zbs_nom,omi_2020-04-04,tasa_2020-04-04,omi_2020-04-05,tasa_2020-04-05,omi_2020-04-06,tasa_2020-04-06,omi_2020-04-07,tasa_2020-04-07,omi_2020-04-08,tasa_2020-04-08,omi_2020-04-09,tasa_2020-04-09,omi_2020-04-10,tasa_2020-04-10,omi_2020-04-13,tasa_2020-04-13,omi_2020-04-14,tasa_2020-04-14,omi_2020-04-15,tasa_2020-04-15,omi_2020-04-16,tasa_2020-04-16,omi_2020-04-17,tasa_2020-04-17,omi_2020-04-20,tasa_2020-04-20,omi_2020-04-21,tasa_2020-04-21,omi_2020-04-22,tasa_2020-04-22,omi_2020-04-23,tasa_2020-04-23,omi_2020-04-25,tasa_2020-04-25,omi_2020-04-27,tasa_2020-04-27,omi_2020-04-28,tasa_2020-04-28,omi_2020-04-29,tasa_2020-04-29,omi_2020-04-30,tasa_2020-04-30,omi_2020-05-01,tasa_2020-05-01,omi_2020-05-04,tasa_2020-05-04,omi_2020-05-10,tasa_2020-05-10,omi_2020-05-18,tasa_2020-05-18,omi_2020-05-24,tasa_2020-05-24,omi_2020-05-31,tasa_2020-05-31,omi_2020-06-08,tasa_2020-06-08,omi_2020-06-15,tasa_2020-06-15,omi_2020-06-22,tasa_2020-06-22,omi_2020-06-29,tasa_2020-06-29,omi_2020-07-06,tasa_2020-07-06,omi_2020-07-13,tasa_2020-07-13,omi_2020-07-20,tasa_2020-07-20,omi_2020-07-27,tasa_2020-07-27,omi_2020-08-03,tasa_2020-08-03,omi_2020-08-10,tasa_2020-08-10,omi_2020-08-17,tasa_2020-08-17,omi_2020-08-24,tasa_2020-08-24,omi_2020-08-31,tasa_2020-08-31,omi_2020-09-07,tasa_2020-09-07,omi_2020-09-14,tasa_2020-09-14,omi_2020-09-21,tasa_2020-09-21,omi_2020-09-28,tasa_2020-09-28,omi_2020-10-05,tasa_2020-10-05,omi_2020-10-12,tasa_2020-10-12,omi_2020-10-19,tasa_2020-10-19,omi_2020-10-26,tasa_2020-10-26,omi_2020-11-02,tasa_2020-11-02,omi_2020-11-09,tasa_2020-11-09,omi_2020-11-16,tasa_2020-11-16,omi_2020-11-23,tasa_2020-11-23,omi_2020-11-30,tasa_2020-11-30,omi_2020-12-07,tasa_2020-12-07,omi_2020-12-14,tasa_2020-12-14,omi_2020-12-21,tasa_2020-12-21,omi_2020-12-28,tasa_2020-12-28,omi_2021-01-04,tasa_2021-01-04,pob_2020-02-29,omi_2021-01-11,tasa_2021-01-11,omi_2021-01-18,tasa_2021-01-18,omi_2021-01-25,tasa-2021-01-25,omi_2021-02-01,tasa_2021-02-01,omi_2021-02-08,tasa_2021-02-08,omi_2021-02-15,tasa_2021-02-15,omi_2021-02-22,tasa_2021-02-22,omi_2021-03-01,tasa_2021-03-01,omi_2021-03-08,tasa_2021-03-08,omi_2021-03-15,tasa_2021-03-15,omi_2021-03-22,tasa_2021-03-22,omi_2021-03-29,tasa_2021-03-29,omi_2021-04-05,tasa_2021-04-05,omi_2021-04-12,tasa_2021-04-12,omi_2021-04-19,tasa_2021-04-19,omi_2021-04-26,tasa_2021-04-26,omi_2021-05-03,tasa_2021-05-03,omi_2021-05-17,tasa_2021-05-17,omi_2021-05-24,tasa_2021-05-24,pob_2020-12-31
2505.0,0.91452,REBOLERIA,226.0,1158.73667,226.0,1158.73667,237.0,1215.13536,243.0,1245.89828,252.0,1292.04266,256.0,1312.55127,256.0,1312.55127,260.0,1333.05988,263.0,1348.44134,266.0,1363.82281,278.0,1425.34865,286.0,1466.36587,286.0,1466.36587,291.0,1492.00164,296.0,1517.63741,297.0,1522.76456,311.0,1594.54471,313.0,1604.79902,314.0,1609.92617,317.0,1625.30763,322.0,1650.9434,329.0,1686.83347,333.0,1707.34208,341.0,1748.36,348.0,1784249.0,373.0,1912.43,380.0,1948.32,386.0,1979.08,390.0,1999.59,394.0,2020.1,396.0,2030.35,399.0,2045.73,409.0,2097.01,440.0,2255.95,489.0,2507.18,573.0,2937.86,637.0,3266.0,708.0,3630.02461,749.0,3840.24,777.0,3983.79819,819.0,4199.13864,862.0,4419.61,921.0,4722.11,928.0,4758.0,948.0,4860.54,985.0,5050.25,1045.0,5357.88,1121.0,5747.54,1193.0,6116.69,1260.0,6460.21,1316.0,6747.33,1361.0,6978.06,1403.0,7193.4,1420.0,7280.56,1428.0,7321.58,1444.0,7403.61,1462.0,7495.9,1512.0,7752.26,19504.0,1566.0,8030.36,1645.0,8435.46,1707.0,8753.4,1745.0,8948.26,1785.0,9153.38,1813.0,9296.96,1835.0,9409.77,1846.0,9466.18,1856.0,9517.46,1861.0,9543.1,1877.0,9625.15,1898.0,9732.83,1921.0,9850.78,1960.0,10050.77,1985.0,10178.97,2008.0,10296.91,2033.0,10425.11,2084.0,10686.63,2096.0,10748.17,19501.0
2507.0,0.76503,INDEPENDENCIA,30.0,238.60654,30.0,238.60654,32.0,254.51364,34.0,270.42074,34.0,270.42074,37.0,294.2814,39.0,310.1885,39.0,310.1885,39.0,310.1885,43.0,342.0027,44.0,349.95625,42.0,334.04915,42.0,334.04915,42.0,334.04915,46.0,365.86336,46.0,365.86336,62.0,493.12018,62.0,493.12018,64.0,509.02728,64.0,509.02728,65.0,516.98083,70.0,556.74859,72.0,572.65569,81.0,644.24,89.0,707866.0,95.0,755.59,103.0,819.22,108.0,858.98,113.0,898.75,114.0,906.7,115.0,914.66,116.0,922.61,122.0,970.33,147.0,1169.17,162.0,1288.48,188.0,1495.27,244.0,1940.67,262.0,2083.83043,282.0,2242.9,291.0,2314.48342,311.0,2473.55444,331.0,2632.63,354.0,2815.56,367.0,2918.95,383.0,3046.21,410.0,3260.96,441.0,3507.52,503.0,4000.64,552.0,4390.36,603.0,4795.99,642.0,5106.18,652.0,5185.72,670.0,5328.88,676.0,5376.6,685.0,5448.18,696.0,5535.67,708.0,5631.11,733.0,5829.95,12573.0,770.0,6085.03,805.0,6361.62,847.0,6693.54,891.0,7041.25,909.0,7183.5,927.0,7325.75,948.0,7491.7,955.0,7547.02,967.0,7641.85,977.0,7720.88,989.0,7815.71,1008.0,7965.86,1020.0,8060.69,1044.0,8250.36,1059.0,8368.9,1074.0,8487.43,1086.0,8582.27,1114.0,8803.54,1128.0,8914.18,12654.0
2508.0,0.60089,MADRE VEDRUNA-MIRAFLORES,68.0,351.47568,68.0,351.47568,72.0,372.15072,75.0,387657.0,76.0,392.82576,79.0,408.33204,79.0,408.33204,78.0,403.16328,77.0,397.99452,82.0,423.83832,84.0,434.17584,85.0,439.3446,85.0,439.3446,88.0,454.85088,90.0,465.1884,94.0,485.86344,114.0,589.23864,114.0,589.23864,113.0,584.06988,113.0,584.06988,114.0,589.23864,123.0,635.75748,123.0,635.75748,127.0,656.43,135.0,697783.0,153.0,790.82,162.0,837.34,167.0,863.18,172.0,889.03,176.0,909.7,181.0,935.55,185.0,956.22,190.0,982.06,204.0,1054.43,229.0,1183.65,272.0,1405.9,311.0,1607.48,352.0,1819.40352,385.0,1989.97,398.0,2057.16649,464.0,2398.30465,463.0,2393.14,517.0,2672.25,526.0,2718.77,551.0,2847.99,589.0,3044.4,633.0,3271.83,753.0,3892.08,874.0,4517.5,961.0,4967.18,1019.0,5266.97,1076.0,5561.59,1113.0,5752.83,1151.0,5949.24,1162.0,6006.1,1200.0,6202.51,1228.0,6347.24,1251.0,6466.12,19347.0,1298.0,6785.86,1350.0,7057.72,1441.0,7533.46,1482.0,7747.8,1524.0,7967.38,1552.0,8113.76,1583.0,8275.83,1600.0,8364.7,1615.0,8443.12,1632.0,8531.99,1654.0,8647.01,1670.0,8730.66,1696.0,8866.58,1740.0,9096.61,1777.0,9290.05,1813.0,9478.25,1844.0,9640.32,1880.0,9828.52,1889.0,9875.58,19128.0
2509.0,1.60493,ALMOZARA,43.0,199.34171,44.0,203.97756,67.0,310.6022,91.0,421.86269,111.0,514.57976,117.0,542.39488,118.0,547.03074,125.0,579.48171,128.0,593.38927,129.0,598.02513,137.0,635.11196,149.0,690.7422,149.0,690.7422,155.0,718.55732,158.0,732.46488,163.0,755.64415,183.0,848.36123,183.0,848.36123,189.0,876.17635,194.0,899.35562,198.0,917.89903,206.0,954.98586,208.0,964.25757,232.0,1075.52,254.0,1177507.0,278.0,1288.77,284.0,1316.58,297.0,1376.85,304.0,1409.3,309.0,1432.48,314.0,1455.66,319.0,1478.84,330.0,1529.83,369.0,1710.63,413.0,1914.61,478.0,2215.94,586.0,2716.61,657.0,3045.75588,701.0,3249.73,741.0,3435.16759,824.0,3819.94344,840.0,3894.12,922.0,4274.26,950.0,4404.06,988.0,4580.22,1042.0,4830.56,1103.0,5113.35,1204.0,5581.57,1304.0,6045.15,1394.0,6462.38,1444.0,6694.17,1492.0,6916.69,1545.0,7162.39,1584.0,7343.19,1610.0,7463.72,1649.0,7644.52,1690.0,7834.59,1722.0,7982.94,21571.0,1797.0,8381.14,1863.0,8688.96,1942.0,9057.41,1998.0,9318.6,2026.0,9449.19,2049.0,9556.46,2065.0,9631.08,2082.0,9710.37,2102.0,9803.65,2110.0,9840.96,2122.0,9896.93,2128.0,9924.91,2139.0,9976.21,2154.0,10046.17,2185.0,10190.76,2211.0,10312.02,2245.0,10470.59,2299.0,10722.45,2323.0,10834.38,21441.0
2510.0,0.71211,SAN PABLO,231.0,1034.20487,228.0,1020.77364,236.0,1056.59026,245.0,1096.88395,252.0,1128.2235,259.0,1159.56304,268.0,1199.85673,277.0,1240.15043,282.0,1262.53582,281.0,1258.05874,286.0,1280.44413,292.0,1307.30659,296.0,1325.2149,303.0,1356.55444,308.0,1378.93983,322.0,1441.61891,343.0,1535.63754,345.0,1544.59169,345.0,1544.59169,352.0,1575.93123,352.0,1575.93123,364.0,1629.65616,368.0,1647.56447,389.0,1741.58,405.0,1813216.0,425.0,1902.76,440.0,1969.91,447.0,2001.25,457.0,2046.02,462.0,2068.41,467.0,2090.8,476.0,2131.09,492.0,2202.72,547.0,2448.96,629.0,2816.08,735.0,3290.65,836.0,3742.84,928.0,4154.72779,973.0,4356.2,1014.0,4539.75645,1131.0,5063.5745,1167.0,5224.75,1273.0,5699.32,1306.0,5847.06,1356.0,6070.92,1404.0,6285.82,1467.0,6567.87,1554.0,6957.38,1662.0,7440.9,1746.0,7816.98,1798.0,8049.79,1851.0,8287.07,1902.0,8515.4,1923.0,8609.42,1938.0,8676.58,1956.0,8757.16,1975.0,8842.23,2002.0,8963.11,22336.0,2042.0,9169.7,2139.0,9605.28,2252.0,10112.71,2319.0,10413.58,2358.0,10588.71,2393.0,10745.88,2425.0,10889.58,2446.0,10983.88,2475.0,11114.1,2502.0,11235.35,2542.0,11414.97,2560.0,11495.8,2583.0,11599.08,2620.0,11765.23,2676.0,12016.7,2711.0,12173.87,2736.0,12286.14,2773.0,12452.29,2783.0,12497.19,22269.0
2511.0,137.19822,TORRERO-LA PAZ,193.0,729.67864,196.0,741.02079,216.0,816.63516,224.0,846.88091,230.0,869.56522,237.0,896.03025,242.0,914.93384,248.0,937.61815,252.0,952.74102,256.0,967.86389,261.0,986.76749,270.0,1020.79395,272.0,1028.35539,284.0,1073.72401,291.0,1100.18904,298.0,1126.65406,324.0,1224.95274,326.0,1232.51418,334.0,1262.75992,346.0,1308.12854,348.0,1315.68998,364.0,1376.18147,366.0,1383.74291,386.0,1459.36,396.0,1497164.0,420.0,1587.9,432.0,1633.27,439.0,1659.74,454.0,1716.45,458.0,1731.57,460.0,1739.13,469.0,1773.16,476.0,1799.62,495.0,1871.46,560.0,2117.2,655.0,2476.37,685.0,2589.79,787.0,2975.42533,846.0,3198.49,883.0,3338.37429,964.0,3644.61248,1000.0,3780.72,1055.0,3988.66,1064.0,4022.68,1107.0,4185.26,1162.0,4393.19,1226.0,4635.16,1330.0,5028.36,1438.0,5436.67,1535.0,5803.4,1616.0,6109.64,1675.0,6332.7,1721.0,6506.62,1756.0,6638.94,1779.0,6725.9,1807.0,6831.76,1821.0,6884.69,1845.0,6975.43,26450.0,1902.0,7094.63,1991.0,7426.61,2080.0,7758.59,2138.0,7974.93,2200.0,8206.2,2245.0,8374.05,2275.0,8485.96,2306.0,8601.59,2332.0,8698.57,2361.0,8806.74,2396.0,8937.3,2447.0,9127.53,2488.0,9280.47,2559.0,9545.3,2595.0,9679.59,2643.0,9858.63,2690.0,10033.94,2771.0,10336.08,2791.0,10410.68,26809.0
2512.0,7.83244,VENECIA,121.0,860.90359,121.0,860.90359,130.0,924.93774,139.0,988.9719,146.0,1038.77624,154.0,1095.69548,157.0,1117.0402,160.0,1138.38492,163.0,1159.72963,168.0,1195.30416,174.0,1237.9936,188.0,1337.60228,189.0,1344.71718,195.0,1387.40662,204.0,1451.44077,210.0,1494.1302,222.0,1579.50907,222.0,1579.50907,223.0,1586.62398,228.0,1622.19851,231.0,1643.54322,235.0,1672.00285,235.0,1672.00285,253.0,1800.07,270.0,1921025.0,296.0,2106.01,303.0,2155.82,311.0,2212.74,332.0,2362.15,344.0,2447.53,351.0,2497.33,356.0,2532.91,360.0,2561.37,377.0,2682.32,433.0,3080.75,518.0,3685.52,551.0,3920.31,608.0,4325.86268,653.0,4646.03,685.0,4873.71042,729.0,5186.76627,741.0,5272.15,775.0,5514.05,800.0,5691.92,826.0,5876.91,861.0,6125.93,917.0,6524.37,978.0,6958.38,1042.0,7413.73,1078.0,7669.87,1114.0,7926.0,1142.0,8125.22,1194.0,8495.2,1207.0,8587.69,1227.0,8729.99,1237.0,8801.14,1259.0,8957.67,1284.0,9135.54,14055.0,1311.0,9255.21,1351.0,9537.59,1388.0,9798.8,1421.0,10031.77,1448.0,10222.38,1475.0,10412.99,1501.0,10596.54,1518.0,10716.55,1541.0,10878.93,1554.0,10970.7,1575.0,11118.96,1591.0,11231.91,1599.0,11288.39,1620.0,11436.64,1632.0,11521.36,1658.0,11704.91,1679.0,11853.16,1733.0,12234.38,1747.0,12333.22,14165.0
2513.0,1.54289,SAGASTA-RUISEÑORES,241.0,642.73523,242.0,645.40218,251.0,669.40474,264.0,704.0751,267.0,712.07596,269.0,717.40986,269.0,717.40986,277.0,738.74547,279.0,744.07937,286.0,762.74803,293.0,781.41668,294.0,784.08364,295.0,786.75059,309.0,824.0879,319.0,850.75741,329.0,877.42693,390.0,1040.11094,390.0,1040.11094,395.0,1053.4457,410.0,1093.44997,413.0,1101.45082,439.0,1170.79155,441.0,1176.12545,490.0,1306.81,544.0,1450821.0,599.0,1597.5,621.0,1656.18,639.0,1704.18,650.0,1733.52,657.0,1752.19,680.0,1813.53,677.0,1805.53,689.0,1837.53,736.0,1962.88,821.0,2189.57,964.0,2570.94,1035.0,2760.29,1152.0,3072.32771,1249.0,3331.02,1297.0,3459.03563,1456.0,3883.08086,1434.0,3824.41,1532.0,4085.77,1564.0,4171.11,1619.0,4317.79,1705.0,4547.15,1802.0,4805.85,1970.0,5253.89,2133.0,5688.61,2266.0,6043.31,2370.0,6320.67,2431.0,6483.36,2488.0,6635.37,2536.0,6763.39,2582.0,6886.07,2624.0,6998.08,2665.0,7107.42,2734.0,7291.44,37496.0,2837.0,7589.82,2953.0,7900.16,3087.0,8258.65,3173.0,8488.72,3260.0,8721.47,3324.0,8892.69,3364.0,8999.71,3397.0,9087.99,3426.0,9165.57,3464.0,9267.24,3514.0,9401.0,3543.0,9478.58,3579.0,9574.89,3656.0,9780.89,3707.0,9917.33,3749.0,10029.7,3795.0,10152.76,3867.0,10345.38,3892.0,10412.26,37379.0
2515.0,2.74923,LAS FUENTES NORTE,206.0,903.62767,205.0,899.24113,212.0,929.94692,216.0,947.49309,222.0,973.81234,226.0,991.35851,239.0,1048.38356,243.0,1065.92973,242.0,1061.54319,248.0,1087.86244,254.0,1114.18169,258.0,1131.72786,259.0,1136.1144,261.0,1144.88748,266.0,1166.8202,268.0,1175.59328,311.0,1364.21459,311.0,1364.21459,313.0,1372.98767,317.0,1390.53384,326.0,1430.01272,337.0,1478.26468,338.0,1482.65123,375.0,1644.95,383.0,1680046.0,400.0,1754.62,406.0,1780.94,411.0,1802.87,421.0,1846.73,421.0,1846.73,427.0,1873.05,428.0,1877.44,434.0,1903.76,471.0,2066.06,564.0,2474.01,707.0,3101.29,811.0,3557.49,892.0,3912.79554,940.0,4123.35,985.0,4320.74396,1068.0,4684.82695,1112.0,4877.83,1200.0,5263.85,1224.0,5369.13,1259.0,5522.66,1301.0,5706.89,1369.0,6005.18,1499.0,6575.43,1572.0,6895.64,1658.0,7272.89,1725.0,7566.79,1758.0,7711.54,1801.0,7900.16,1810.0,7939.64,1820.0,7983.51,1840.0,8071.24,1862.0,8167.74,1898.0,8325.66,22797.0,1970.0,8667.34,2039.0,8970.92,2098.0,9230.5,2136.0,9397.69,2194.0,9652.87,2228.0,9802.46,2246.0,9881.65,2262.0,9952.04,2270.0,9987.24,2281.0,10035.64,2293.0,10088.43,2306.0,10145.63,2319.0,10202.82,2344.0,10312.82,2358.0,10374.41,2375.0,10449.21,2399.0,10554.8,2437.0,10721.99,2455.0,10801.18,22729.0
2516.0,13.92131,TORRE RAMONA,38.0,164.57341,38.0,164.57341,53.0,229.5366,56.0,242.52923,61.0,264.18363,63.0,272.84539,67.0,290.1689,70.0,303.16154,73.0,316.15418,76.0,329.14682,80.0,346.47033,83.0,359.46297,84.0,363.79385,84.0,363.79385,85.0,368.12473,85.0,368.12473,104.0,450.41143,104.0,450.41143,108.0,467.73495,109.0,472.06583,110.0,476.39671,112.0,485.05847,112.0,485.05847,122.0,528.37,137.0,593.33,149.0,645.3,154.0,666.96,158.0,684.28,162.0,701.6,163.0,705.93,173.0,749.24,174.0,753.57,183.0,792.55,217.0,939.8,266.0,1152.01,341.0,1476.83,433.0,1875.27,496.0,2148.11607,561.0,2429.62,588.0,2546.55695,645.0,2793.41706,681.0,2949.33,778.0,3369.42,786.0,3404.07,828.0,3585.97,866.0,3750.54,933.0,4040.71,1051.0,4551.75,1174.0,5084.45,1254.0,5430.92,1300.0,5630.14,1349.0,5842.36,1393.0,6032.91,1419.0,6145.52,1441.0,6240.8,1465.0,6344.74,1501.0,6500.65,1553.0,6725.86,23090.0,1612.0,6998.65,1730.0,7510.96,1813.0,7871.32,1849.0,8027.61,1883.0,8175.23,1915.0,8314.16,1933.0,8392.31,1949.0,8461.77,1957.0,8496.51,1972.0,8561.63,1994.0,8657.14,2003.0,8696.22,2015.0,8748.32,2041.0,8861.2,2058.0,8935.01,2089.0,9069.6,2102.0,9126.04,2151.0,9338.77,2167.0,9408.24,23033.0
2517.0,0.40222,SAN JOSE NORTE,107.0,625.14606,108.0,630.98855,115.0,671.88595,127.0,741.99579,131.0,765.36574,132.0,771.20823,136.0,794.57817,147.0,858.84552,151.0,882.21547,158.0,923.11288,163.0,952.32531,167.0,975.69526,169.0,987.38023,176.0,1028.27763,178.0,1039.96261,185.0,1080.86001,199.0,1162.65483,199.0,1162.65483,203.0,1186.02477,206.0,1203.55223,208.0,1215.2372,216.0,1261.9771,216.0,1261.9771,239.0,1396.35,258.0,1507362.0,268.0,1565.79,276.0,1612.53,283.0,1653.42,284.0,1659.27,286.0,1670.95,287.0,1676.79,287.0,1676.79,291.0,1700.16,309.0,1805.33,346.0,2021.5,404.0,2360.36,519.0,3032.25,583.0,3406.16967,616.0,3598.97,635.0,3709.97897,697.0,4072.21313,703.0,4107.27,744.0,4346.81,749.0,4376.02,767.0,4481.19,802.0,4685.67,853.0,4983.64,921.0,5380.93,999.0,5836.64,1079.0,6304.04,1132.0,6613.69,1167.0,6818.18,1205.0,7040.2,1224.0,7151.2,1237.0,7227.16,1254.0,7326.48,1276.0,7455.01,1292.0,7548.49,17116.0,1317.0,7787.83,1382.0,8172.2,1435.0,8485.6,1486.0,8787.18,1544.0,9130.15,1584.0,9366.68,1598.0,9449.47,1619.0,9573.65,1643.0,9715.57,1659.0,9810.18,1676.0,9910.71,1692.0,10005.32,1701.0,10058.54,1717.0,10153.15,1755.0,10377.86,1780.0,10525.69,1802.0,10655.79,1841.0,10886.41,1868.0,11046.06,16911.0
2518.0,0.46159,SAN JOSE CENTRO,144.0,789.8201,143.0,784.33524,152.0,833.69899,157.0,861.1233,160.0,877.57789,164.0,899.51733,167.0,915.97192,175.0,959.85081,182.0,998.24484,190.0,1042.12374,192.0,1053.09346,194.0,1064.06319,197.0,1080.51777,204.0,1118.9118,207.0,1135.36639,215.0,1179.24528,234.0,1283.45766,234.0,1283.45766,238.0,1305.3971,243.0,1332.82141,244.0,1338.30627,253.0,1387.67003,253.0,1387.67003,270.0,1480.91,288.0,1579.64,309.0,1694.82,315.0,1727.73,318.0,1744.19,323.0,1771.61,327.0,1793.55,328.0,1799.03,332.0,1820.97,339.0,1859.37,357.0,1958.1,402.0,2204.91,482.0,2643.7,559.0,3066.04,612.0,3356.73541,656.0,3598.07,684.0,3751.64546,730.0,4003.9491,742.0,4069.77,792.0,4344.01,799.0,4382.4,826.0,4530.5,888.0,4870.56,964.0,5287.41,1049.0,5753.62,1159.0,6356.95,1241.0,6806.71,1297.0,7113.87,1342.0,7360.68,1377.0,7552.65,1391.0,7629.44,1410.0,7733.66,1435.0,7870.78,1453.0,7969.5,1481.0,8123.08,18232.0,1518.0,8350.75,1570.0,8636.81,1650.0,9076.91,1687.0,9280.45,1734.0,9539.0,1763.0,9698.54,1775.0,9764.55,1782.0,9803.06,1790.0,9847.07,1811.0,9962.59,1824.0,10034.11,1837.0,10105.62,1853.0,10193.64,1879.0,10336.67,1906.0,10485.2,1939.0,10666.74,1949.0,10721.75,1998.0,10991.31,2009.0,11051.82,18178.0
2519.0,4.5343,SAN JOSE  SUR,32.0,117.30635,32.0,117.30635,109.0,399.57476,140.0,513.21529,162.0,593.86341,184.0,674.51153,194.0,711.16976,209.0,766.15712,217.0,795.4837,225.0,824.81029,242.0,887.12929,247.0,905.45841,247.0,905.45841,261.0,956.77994,268.0,982.4407,278.0,1019.09894,293.0,1074.08629,294.0,1077.75212,299.0,1096.08124,306.0,1121742.0,308.0,1129.07365,317.0,1162.06606,318.0,1165.73188,330.0,1209.72,344.0,1261043.0,363.0,1330.69,365.0,1338.03,374.0,1371.02,377.0,1382.02,382.0,1400.34,387.0,1418.67,388.0,1422.34,399.0,1462.66,432.0,1583.64,513.0,1880.57,644.0,2360.79,745.0,2731.04,847.0,3104.95253,929.0,3405.55,969.0,3552183.0,1074.0,3937.09447,1086.0,3981.08,1169.0,4285.35,1192.0,4369.66,1234.0,4523.63,1268.0,4648.26,1356.0,4970.86,1464.0,5366.77,1584.0,5806.66,1709.0,6264.89,1804.0,6613.15,1852.0,6789.11,1901.0,6968.73,1934.0,7089.7,1958.0,7177.68,1991.0,7298.65,2005.0,7349.98,2039.0,7474.61,27279.0,2096.0,7723.77,2184.0,8048.05,2291.0,8442.35,2356.0,8681.87,2446.0,9013.52,2511.0,9253.05,2541.0,9363.6,2572.0,9477.83,2591.0,9547.85,2611.0,9621.55,2631.0,9695.25,2658.0,9794.75,2678.0,9868.45,2716.0,10008.48,2735.0,10078.49,2771.0,10211.15,2808.0,10347.5,2882.0,10620.19,2909.0,10719.68,27137.0
2520.0,1.0687,ROMAREDA-SEMINARIO,43.0,259.74026,43.0,259.74026,48.0,289.94262,52.0,314.1045,58.0,350.34733,59.0,356.3878,60.0,362.42827,63.0,380.54968,63.0,380.54968,63.0,380.54968,65.0,392.63063,65.0,392.63063,65.0,392.63063,66.0,398.6711,68.0,410.75204,71.0,428.87345,89.0,537.60193,90.0,543.6424,91.0,549.68287,90.0,543.6424,91.0,549.68287,99.0,598.00665,98.0,591.96617,108.0,652.37,120.0,724857.0,139.0,839.63,142.0,857.75,146.0,881.91,147.0,887.95,152.0,918.15,158.0,954.39,155.0,936.27,159.0,960.43,169.0,1020.84,193.0,1165.81,260.0,1570.52,298.0,1800.06,336.0,2029.59831,357.0,2156.45,380.0,2295.37904,420.0,2536.99789,418.0,2524.92,468.0,2826.94,467.0,2820.9,494.0,2983.99,529.0,3195.41,584.0,3527.64,661.0,3992.75,750.0,4530.35,805.0,4862.58,837.0,5055.87,867.0,5237.09,887.0,5357.9,899.0,5430.38,905.0,5466.63,925.0,5587.44,931.0,5623.68,965.0,5829.05,16555.0,1011.0,6058.97,1065.0,6382.6,1130.0,6772.14,1175.0,7041.83,1200.0,7191.66,1226.0,7347.48,1240.0,7431.38,1260.0,7551.24,1276.0,7647.13,1291.0,7737.03,1312.0,7862.88,1328.0,7958.77,1344.0,8054.66,1361.0,8156.54,1373.0,8228.45,1399.0,8384.27,1406.0,8426.23,1447.0,8671.94,1456.0,8725.88,16686.0
2521.0,2.86079,CASABLANCA,39.0,384.08509,40.0,393.93342,43.0,423.47843,38.0,374.23675,41.0,403.78176,41.0,403.78176,45.0,443.1751,46.0,453.02344,43.0,423.47843,43.0,423.47843,45.0,443.1751,48.0,472.72011,49.0,482.56845,56.0,551.5068,60.0,590.90014,67.0,659.83849,85.0,837.10853,85.0,837.10853,93.0,915.89521,93.0,915.89521,94.0,925.74355,124.0,1221.19362,127.0,1250.73862,143.0,1408.31,158.0,1556037.0,173.0,1703.76,175.0,1723.46,177.0,1743.16,179.0,1762.85,179.0,1762.85,180.0,1772.7,180.0,1772.7,182.0,1792.4,191.0,1881.03,214.0,2107.54,249.0,2452.24,277.0,2727.99,322.0,3171.16407,367.0,3614.34,384.0,3781.76088,438.0,4313.57101,435.0,4284.03,462.0,4549.93,474.0,4668.11,498.0,4904.47,517.0,5091.59,549.0,5406.74,592.0,5830.21,637.0,6273.39,662.0,6519.6,687.0,6765.81,701.0,6903.68,727.0,7159.74,746.0,7346.86,769.0,7573.37,787.0,7750.64,798.0,7858.97,839.0,8262.75,10154.0,869.0,8617.61,906.0,8984.53,944.0,9361.36,969.0,9609.28,992.0,9837.37,1015.0,10065.45,1024.0,10154.7,1035.0,10263.78,1050.0,10412.53,1060.0,10511.7,1071.0,10620.79,1084.0,10749.7,1093.0,10838.95,1112.0,11027.37,1120.0,11106.7,1135.0,11255.45,1152.0,11424.04,1175.0,11652.12,1192.0,11820.71,10084.0
2522.0,0.5898,HERNAN CORTES,62.0,299.85008,62.0,299.85008,66.0,319.19524,68.0,328.86782,69.0,333.70412,71.0,343.3767,76.0,367.55816,80.0,386.90332,89.0,430.42995,94.0,454.6114,101.0,488.46544,108.0,522.31948,107.0,517.48319,113.0,546.50094,120.0,580.35498,127.0,614.20902,154.0,744.7889,155.0,749.62519,160.0,773.80665,160.0,773.80665,160.0,773.80665,168.0,812.49698,169.0,817.33327,175.0,846.35,181.0,875369.0,197.0,952.75,205.0,991.44,211.0,1020.46,216.0,1044.64,219.0,1059.15,223.0,1078.49,225.0,1088.17,237.0,1146.2,282.0,1363.83,362.0,1750.74,454.0,2195.68,500.0,2418.15,581.0,2809.88538,655.0,3167.77,700.0,3385.40407,754.0,3646.56381,768.0,3714.27,820.0,3965.76,829.0,4009.29,859.0,4154.37,905.0,4376.84,938.0,4536.44,1032.0,4991.05,1123.0,5431.16,1211.0,5856.75,1275.0,6166.27,1310.0,6335.54,1352.0,6538.67,1375.0,6649.9,1394.0,6741.79,1401.0,6775.64,1415.0,6843.35,1442.0,6973.93,20677.0,1493.0,7220.58,1565.0,7568.8,1664.0,8047.59,1702.0,8231.37,1730.0,8366.78,1742.0,8424.82,1766.0,8540.89,1789.0,8652.13,1803.0,8719.83,1834.0,8869.76,1870.0,9043.87,1884.0,9111.57,1896.0,9169.61,1940.0,9382.41,1968.0,9517.82,1999.0,9667.75,2028.0,9808.0,2095.0,10132.03,2120.0,10252.94,20677.0
2523.0,0.91613,FERNANDO EL CATOLICO,36.0,187.35363,36.0,187.35363,40.0,208.1707,41.0,213.37497,43.0,223.7835,45.0,234.19204,47.0,244.60057,48.0,249.80484,53.0,275.82618,55.0,286.23471,60.0,312.25605,61.0,317.46032,61.0,317.46032,64.0,333.07312,67.0,348.68592,67.0,348.68592,96.0,499.60968,97.0,504.81395,99.0,515.22248,99.0,515.22248,100.0,520.42675,106.0,551.65235,107.0,556.85662,118.0,614.1,125.0,650533.0,148.0,770.23,151.0,785.84,159.0,827.48,163.0,848.3,167.0,869.11,175.0,910.75,183.0,952.38,186.0,967.99,206.0,1072.08,288.0,1498.83,351.0,1826.7,454.0,2362.74,519.0,2701.01483,568.0,2956.02,600.0,3122.5605,663.0,3450.42935,687.0,3575.33,772.0,4017.69,786.0,4090.55,828.0,4309.13,886.0,4610.98,966.0,5027.32,1107.0,5761.12,1271.0,6614.62,1363.0,7093.42,1431.0,7447.31,1491.0,7759.56,1544.0,8035.39,1577.0,8207.13,1613.0,8394.48,1640.0,8535.0,1657.0,8623.47,1691.0,8800.42,19215.0,1755.0,9172.63,1850.0,9669.16,1955.0,10217.95,2014.0,10526.32,2068.0,10808.55,2123.0,11096.01,2158.0,11278.94,2183.0,11409.61,2198.0,11488.01,2215.0,11576.86,2228.0,11644.8,2244.0,11728.43,2257.0,11796.37,2279.0,11911.36,2303.0,12036.8,2353.0,12298.12,2400.0,12543.77,2465.0,12883.5,2477.0,12946.22,19133.0
2524.0,63.72488,VALDESPARTERA-MONTECANAL,291.0,873.1921,292.0,876.19276,313.0,939.20663,325.0,975.21455,332.0,996.21917,336.0,1008.22181,343.0,1029.22643,353.0,1059.23303,356.0,1068.23501,365.0,1095.24095,372.0,1116.24557,387.0,1161.25548,388.0,1164.25614,390.0,1170.25746,397.0,1191.26208,403.0,1209.26604,432.0,1296.28518,429.0,1287.2832,441.0,1323.29112,446.0,1338.29443,445.0,1335.29376,463.0,1389.30565,464.0,1392.30631,489.0,1467.32,524.0,1572346.0,550.0,1650.36,561.0,1683.37,581.0,1743.38,590.0,1770.39,605.0,1815.4,613.0,1839.4,616.0,1848.41,625.0,1875.41,649.0,1947.43,707.0,2121.47,769.0,2307.51,823.0,2469.54,893.0,2679.58951,962.0,2886.64,1000.0,3000.66014,1087.0,3261.71758,1133.0,3399.75,1254.0,3762.83,1269.0,3807.84,1314.0,3942.87,1376.0,4128.91,1436.0,4308.95,1590.0,4771.05,1738.0,5215.15,1852.0,5557.22,1931.0,5794.27,1979.0,5938.31,2039.0,6118.35,2059.0,6178.36,2102.0,6307.39,2133.0,6400.41,2187.0,6562.44,2258.0,6775.49,33326.0,2357.0,6902.91,2484.0,7274.86,2600.0,7614.58,2689.0,7875.24,2788.0,8165.18,2859.0,8373.11,2899.0,8490.26,2913.0,8531.26,2933.0,8589.84,2966.0,8686.48,2990.0,8756.77,3035.0,8888.56,3070.0,8991.07,3128.0,9160.93,3161.0,9257.58,3215.0,9415.73,3271.0,9579.73,3328.0,9746.67,3354.0,9822.81,34145.0
2525.0,1110.66848,CAMPO DE BELCHITE,17.0,519.24252,17.0,519.24252,18.0,549.78619,19.0,580.32987,20.0,610.87355,33.0,1007.94136,34.0,1038.48503,36.0,1099.57239,35.0,1069.02871,35.0,1069.02871,37.0,1130.11607,38.0,1160.65974,38.0,1160.65974,38.0,1160.65974,38.0,1160.65974,38.0,1160.65974,41.0,1252.29078,41.0,1252.29078,43.0,1313.37813,44.0,1343.92181,44.0,1343.92181,46.0,1405.00916,47.0,1435.55284,47.0,1435.55,47.0,1435553.0,58.0,1771.53,59.0,1802.08,59.0,1802.08,59.0,1802.08,60.0,1832.62,60.0,1832.62,60.0,1832.62,60.0,1832.62,60.0,1832.62,60.0,1832.62,74.0,2260.23,77.0,2351.86,90.0,2748.93097,100.0,3054.37,103.0,3145.99878,104.0,3176.54246,113.0,3451.44,130.0,3970.68,127.0,3879.05,131.0,4001.22,136.0,4153.94,138.0,4215.03,142.0,4337.2,154.0,4703.73,160.0,4886.99,171.0,5222.97,182.0,5558.95,185.0,5650.58,182.0,5558.95,185.0,5650.58,185.0,5650.58,194.0,5925.47,196.0,5986.56,3274.0,227.0,6937.65,258.0,7885.09,298.0,9107.58,305.0,9321.52,310.0,9474.33,313.0,9566.01,317.0,9688.26,320.0,9779.95,323.0,9871.64,327.0,9993.89,327.0,9993.89,327.0,9993.89,327.0,9993.89,328.0,10024.45,328.0,10024.45,329.0,10055.01,331.0,10116.14,332.0,10146.7,334.0,10207.82,3272.0
3604.0,95.68133,CASETAS,14.0,86.71415,19.0,117.68349,29.0,179.62217,37.0,229.17312,91.0,563.64199,120.0,743.26417,130.0,805.20285,144.0,891917.0,146.0,904.30474,153.0,947.66182,159.0,984.82502,166.0,1028.1821,166.0,1028.1821,170.0,1052.95757,178.0,1102.50852,191.0,1183.0288,221.0,1368.84484,227.0,1406.00805,235.0,1455559.0,239.0,1480.33447,245.0,1517.49768,261.0,1616.59957,268.0,1659.95664,266.0,1647.57,262.0,1622793.0,282.0,1746.67,298.0,1845.77,305.0,1889.13,311.0,1926.29,318.0,1969.65,322.0,1994.43,332.0,2056.36,342.0,2118.3,363.0,2248.37,432.0,2675.75,533.0,3301.33,595.0,3685.35,640.0,3964.07557,666.0,4125.12,706.0,4372.87086,789.0,4886.96191,818.0,5066.58,898.0,5562.09,937.0,5803.65,998.0,6181.48,1064.0,6590.28,1113.0,6893.78,1217.0,7537.94,1367.0,8467.02,1493.0,9247.45,1597.0,9891.61,1663.0,10300.4,1723.0,10672.03,1777.0,11006.5,1800.0,11148.96,1856.0,11495.82,1885.0,11675.44,1928.0,11941.78,16145.0,1965.0,12054.48,2026.0,12428.69,2200.0,13496.1,2277.0,13968.47,2335.0,14324.27,2384.0,14624.87,2435.0,14937.73,2464.0,15115.64,2479.0,15207.66,2483.0,15232.19,2522.0,15471.44,2560.0,15704.56,2579.0,15821.12,2603.0,15968.35,2626.0,16109.44,2662.0,16330.29,2688.0,16489.79,2738.0,16796.52,2752.0,16882.4,16301.0
3608.0,41.51846,UTEBO,116.0,624.93266,116.0,624.93266,122.0,657.25676,126.0,678.80616,132.0,711.13027,132.0,711.13027,135.0,727.29232,141.0,759.61642,145.0,781.16582,148.0,797.32787,150.0,808.10258,155.0,835.03933,155.0,835.03933,162.0,872.75078,163.0,878.13813,164.0,883.52548,177.0,953.56104,177.0,953.56104,181.0,975.11044,187.0,1007.43454,189.0,1018.20925,194.0,1045146.0,201.0,1082.85745,224.0,1206.77,238.0,1282189.0,251.0,1352.22,268.0,1443.81,277.0,1492.3,282.0,1519.23,290.0,1562.33,292.0,1573.11,294.0,1583.88,300.0,1616.21,311.0,1675.47,342.0,1842.47,386.0,2079.52,447.0,2408.15,544.0,2930.71867,610.0,3286.28,663.0,3571.81338,785.0,4229.07014,806.0,4342.2,884.0,4762.42,906.0,4880.94,942.0,5074.88,1017.0,5478.94,1079.0,5812.95,1190.0,6410.95,1307.0,7041.27,1422.0,7660.81,1474.0,7940.95,1513.0,8151.06,1557.0,8388.1,1623.0,8743.67,1632.0,8792.16,1646.0,8867.58,1662.0,8953.78,1696.0,9136.95,18562.0,1741.0,9354.18,1796.0,9649.69,1874.0,10068.77,1907.0,10246.08,1960.0,10530.84,1995.0,10718.89,2037.0,10944.55,2058.0,11057.38,2071.0,11127.23,2097.0,11266.92,2123.0,11406.62,2140.0,11497.96,2167.0,11643.03,2193.0,11782.72,2223.0,11943.91,2263.0,12158.82,2300.0,12357.62,2327.0,12502.69,2357.0,12663.87,18612.0
3611.0,346.79686,MARIA DE HUERVA,153.0,675.37742,152.0,670.96318,160.0,706.27704,165.0,728.3482,174.0,768.07628,177.0,781.31897,179.0,790.14743,188.0,829.87552,193.0,851.94668,198.0,874.01783,204.0,900.50322,206.0,909.33168,209.0,922.57438,217.0,957.88823,225.0,993.20208,232.0,1024.1017,270.0,1191.8425,272.0,1200.67096,269.0,1187.42827,267.0,1178.59981,261.0,1152.11442,324.0,1430211.0,324.0,1430211.0,333.0,1469.94,324.0,1430211.0,349.0,1540.57,351.0,1549.4,354.0,1562.64,357.0,1575.88,357.0,1575.88,361.0,1593.54,360.0,1589.12,363.0,1602.37,381.0,1681.82,426.0,1880.46,495.0,2185.04,540.0,2383.69,625.0,2758.89468,658.0,2904.56,695.0,3067.89088,785.0,3465.17171,828.0,3654.98,992.0,4378.92,977.0,4312.7,1014.0,4476.03,1055.0,4657.01,1101.0,4860.07,1205.0,5319.15,1383.0,6104.88,1555.0,6864.13,1612.0,7115.74,1649.0,7279.07,1674.0,7389.42,1680.0,7415.91,1689.0,7455.64,1716.0,7574.82,1733.0,7649.86,1773.0,7826.43,22654.0,1809.0,7808.52,1867.0,8058.88,1981.0,8550.96,2083.0,8991.24,2140.0,9237.28,2200.0,9496.27,2227.0,9612.81,2244.0,9686.19,2256.0,9737.99,2267.0,9785.47,2293.0,9897.7,2323.0,10027.19,2355.0,10165.32,2429.0,10484.74,2460.0,10618.55,2497.0,10778.26,2562.0,11058.83,2636.0,11378.25,2668.0,11516.38,23167.0
3612.0,0.62171,DELICIAS SUR,135.0,515.30651,135.0,515.30651,151.0,576.37988,158.0,603.09947,165.0,629.81907,169.0,645.08741,173.0,660.35575,184.0,702.34369,187.0,713.79495,188.0,717.61203,197.0,751.9658,201.0,767.23414,201.0,767.23414,205.0,782.50248,208.0,793.95374,211.0,805.40499,235.0,897.01504,235.0,897.01504,236.0,900.83213,242.0,923.73464,245.0,935.18589,257.0,980.99091,257.0,980.99091,272.0,1038.25,291.0,1110772.0,321.0,1225.28,327.0,1248.19,341.0,1301.63,351.0,1339.8,361.0,1377.97,368.0,1404.69,372.0,1419.96,385.0,1469.58,479.0,1828.38,646.0,2465.84,898.0,3427.74,1084.0,4137.72,1219.0,4653.02695,1299.0,4958.39,1358.0,5183.6018,1448.0,5527.13948,1485.0,5668.37,1574.0,6008.09,1596.0,6092.07,1642.0,6267.65,1723.0,6576.84,1763.0,6729.52,1891.0,7218.11,2051.0,7828.84,2174.0,8298.34,2291.0,8744.94,2353.0,8981.6,2404.0,9176.27,2430.0,9275.52,2447.0,9340.41,2456.0,9374.76,2466.0,9412.93,2501.0,9546.53,26198.0,2545.0,9668.72,2622.0,9961.25,2715.0,10314.57,2755.0,10466.53,2826.0,10736.27,2885.0,10960.41,2914.0,11070.59,2946.0,11192.16,2964.0,11260.54,2987.0,11347.92,3000.0,11397.31,3012.0,11442.9,3033.0,11522.68,3071.0,11667.05,3119.0,11849.4,3167.0,12031.76,3230.0,12271.1,3336.0,12673.81,3375.0,12821.97,26322.0
3613.0,0.60947,DELICIAS NORTE,80.0,319.50158,80.0,319.50158,86.0,343.4642,88.0,351.45173,92.0,367.42681,94.0,375.41435,95.0,379.40812,97.0,387.39566,98.0,391.38943,107.0,427.33336,132.0,527.1776,130.0,519.19006,130.0,519.19006,142.0,567.1153,144.0,575.10284,148.0,591.07792,170.0,678.94085,171.0,682.93462,180.0,718.87855,185.0,738.8474,188.0,750.82871,199.0,794.76017,198.0,790.7664,216.0,862.65,233.0,930548.0,248.0,990.45,258.0,1030.39,266.0,1062.34,273.0,1090.3,276.0,1102.28,284.0,1134.23,286.0,1142.22,305.0,1218.1,415.0,1657.41,552.0,2204.56,688.0,2747.71,809.0,3230.96,991.0,3957.82579,1081.0,4317.27,1161.0,4636.76664,1268.0,5064.1,1314.0,5247.81,1395.0,5571.31,1445.0,5771.0,1507.0,6018.61,1573.0,6282.2,1619.0,6465.91,1709.0,6825.35,1836.0,7332.56,1940.0,7747.91,2024.0,8083.39,2090.0,8346.98,2133.0,8518.71,2158.0,8618.56,2181.0,8710.41,2201.0,8790.29,2224.0,8882.14,2263.0,9037.9,25039.0,2330.0,9329.33,2400.0,9609.61,2479.0,9925.93,2543.0,10182.18,2634.0,10546.55,2679.0,10726.73,2712.0,10858.86,2728.0,10922.92,2742.0,10978.98,2774.0,11107.11,2805.0,11231.23,2822.0,11299.3,2837.0,11359.36,2895.0,11591.59,2928.0,11723.72,2975.0,11911.91,3017.0,12080.08,3079.0,12328.33,3103.0,12424.42,24975.0
3614.0,1.21889,BOMBARDA,182.0,1174.19355,180.0,1161.29032,191.0,1232.25806,201.0,1296.77419,205.0,1322.58065,212.0,1367.74194,215.0,1387.09677,222.0,1432.25806,224.0,1445.16129,228.0,1470.96774,232.0,1496.77419,239.0,1541.93548,238.0,1535.48387,246.0,1587.09677,249.0,1606.45161,250.0,1612.90323,265.0,1709.67742,265.0,1709.67742,266.0,1716.12903,271.0,1748.3871,270.0,1741.93548,275.0,1774.19355,275.0,1774.19355,292.0,1883.87,301.0,1941935.0,312.0,2012.9,318.0,2051.61,333.0,2148.39,340.0,2193.55,349.0,2251.61,355.0,2290.32,368.0,2374.19,380.0,2451.61,445.0,2870.97,511.0,3296.77,577.0,3722.58,623.0,4019.35,690.0,4451.6129,740.0,4774.19,770.0,4967.74194,820.0,5290.32258,865.0,5580.65,957.0,6174.19,1057.0,6819.35,1129.0,7283.87,1192.0,7690.32,1225.0,7903.23,1333.0,8600.0,1413.0,9116.13,1484.0,9574.19,1539.0,9929.03,1580.0,10193.55,1609.0,10380.65,1615.0,10419.35,1632.0,10529.03,1652.0,10658.06,1661.0,10716.13,1683.0,10858.06,15500.0,1724.0,11193.35,1763.0,11446.57,1836.0,11920.53,1896.0,12310.09,1940.0,12595.77,1967.0,12771.07,1979.0,12848.98,2001.0,12991.82,2025.0,13147.64,2035.0,13212.57,2044.0,13271.0,2065.0,13407.35,2077.0,13485.26,2114.0,13725.49,2151.0,13965.72,2174.0,14115.05,2190.0,14218.93,2233.0,14498.12,2257.0,14653.94,15402.0
3615.0,1.32925,UNIVERSITAS,98.0,322.78252,98.0,322.78252,110.0,362.30691,118.0,388.6565,131.0,431.47459,138.0,454.53048,140.0,461.11788,145.0,477.58638,147.0,484.17378,147.0,484.17378,164.0,540.16666,172.0,566.51625,173.0,569.80995,175.0,576.39735,179.0,589.57215,182.0,599.45325,212.0,698.26422,212.0,698.26422,217.0,714.73272,222.0,731.20121,227.0,747.66971,239.0,787.1941,240.0,790.4878,256.0,843.19,271.0,892592.0,291.0,958.47,305.0,1004.58,313.0,1030.93,319.0,1050.69,322.0,1060.57,332.0,1093.51,332.0,1093.51,340.0,1119.86,443.0,1459.11,555.0,1828.0,720.0,2371.46,810.0,2667.9,962.0,3168.53859,1034.0,3405.68,1102.0,3629.65647,1182.0,3893.1524,1232.0,4057.84,1321.0,4350.98,1350.0,4446.49,1394.0,4591.42,1455.0,4792.33,1541.0,5075.59,1683.0,5543.3,1847.0,6083.46,1936.0,6376.6,2021.0,6656.57,2074.0,6831.13,2141.0,7051.81,2164.0,7127.56,2192.0,7219.79,2212.0,7285.66,2227.0,7335.07,2265.0,7460.23,30361.0,2333.0,7695.1,2455.0,8097.5,2587.0,8532.88,2686.0,8859.42,2780.0,9169.47,2851.0,9403.65,2900.0,9565.27,2931.0,9667.52,2944.0,9710.4,2968.0,9789.56,2990.0,9862.13,3023.0,9970.97,3042.0,10033.64,3098.0,10218.35,3133.0,10333.8,3175.0,10472.33,3207.0,10577.87,3277.0,10808.76,3294.0,10864.83,30318.0
3616.0,1.65058,OLIVER,19.0,118.78712,19.0,118.78712,20.0,125.03907,22.0,137.54298,22.0,137.54298,24.0,150.04689,23.0,143.79494,25.0,156.29884,23.0,143.79494,23.0,143.79494,27.0,168.80275,27.0,168.80275,28.0,175.05471,29.0,181.30666,34.0,212.56643,34.0,212.56643,45.0,281.33792,47.0,293.84183,47.0,293.84183,54.0,337.6055,59.0,368.86527,65.0,406.37699,65.0,406.37699,78.0,487.65,85.0,531416.0,99.0,618.94,100.0,625.2,106.0,662.71,110.0,687.71,116.0,725.23,117.0,731.48,121.0,756.49,125.0,781.49,147.0,919.04,179.0,1119.1,266.0,1663.02,313.0,1956.86,407.0,2544.54517,449.0,2807.13,474.0,2963.42607,524.0,3276.02376,546.0,3413.57,599.0,3744.92,607.0,3794.94,642.0,4013.75,669.0,4182.56,710.0,4438.89,782.0,4889.03,875.0,5470.46,957.0,5983.12,1035.0,6470.77,1070.0,6689.59,1098.0,6864.65,1108.0,6927.16,1127.0,7045.95,1151.0,7196.0,1179.0,7371.05,1207.0,7546.11,15995.0,1249.0,7762.59,1294.0,8042.26,1377.0,8558.11,1423.0,8844.0,1494.0,9285.27,1550.0,9633.31,1577.0,9801.12,1594.0,9906.77,1613.0,10024.86,1629.0,10124.3,1637.0,10174.02,1645.0,10223.74,1659.0,10310.75,1704.0,10590.43,1720.0,10689.87,1733.0,10770.67,1758.0,10926.04,1806.0,11224.36,1818.0,11298.94,16090.0
3617.0,1.68589,VALDEFIERRO,96.0,805.77472,96.0,805.77472,103.0,864.52913,105.0,881.3161,107.0,898.10307,111.0,931.67702,113.0,948.46399,110.0,923.28353,113.0,948.46399,110.0,923.28353,112.0,940.07051,123.0,1032.39886,123.0,1032.39886,123.0,1032.39886,128.0,1074.36629,127.0,1065.97281,133.0,1116.33372,133.0,1116.33372,134.0,1124.72721,136.0,1141.51418,139.0,1166.69465,143.0,1200.26859,143.0,1200.26859,150.0,1259.02,159.0,1334564.0,161.0,1351.35,162.0,1359.74,166.0,1393.32,168.0,1410.11,169.0,1418.5,173.0,1452.07,172.0,1443.68,175.0,1468.86,186.0,1561.19,204.0,1712.27,257.0,2157.13,288.0,2417.32,352.0,2954.5073,386.0,3239.89,399.0,3349.00117,417.0,3500.08394,438.0,3676.35,473.0,3970.12,483.0,4054.05,525.0,4406.58,550.0,4616.42,593.0,4977.34,661.0,5548.09,733.0,6152.43,800.0,6714.79,844.0,7084.1,873.0,7327.51,894.0,7503.78,902.0,7570.92,912.0,7654.86,928.0,7789.16,941.0,7898.27,947.0,7948.63,11914.0,973.0,8170.29,1020.0,8564.95,1079.0,9060.37,1107.0,9295.49,1126.0,9455.03,1159.0,9732.14,1183.0,9933.66,1193.0,10017.63,1198.0,10059.62,1204.0,10110.0,1216.0,10210.76,1231.0,10336.72,1256.0,10546.65,1271.0,10672.6,1291.0,10840.54,1316.0,11050.47,1337.0,11226.8,1360.0,11419.93,1386.0,11638.26,11909.0
3618.0,161.11019,MIRALBUENO-GARRAPINILLOS,111.0,637.45478,111.0,637.45478,114.0,654.68328,115.0,660.42612,124.0,712.11164,130.0,746.56866,131.0,752.31149,140.0,803.99701,131.0,752.31149,130.0,746.56866,134.0,769.54,135.0,775.28283,140.0,803.99701,143.0,821.22552,144.0,826.96836,146.0,838.45403,159.0,913.11089,158.0,907.36806,159.0,913.11089,160.0,918.85373,155.0,890.13955,183.0,1050.93895,179.0,1027.96761,191.0,1096.88,183.0,1050939.0,193.0,1108.37,196.0,1125.6,200.0,1148.57,201.0,1154.31,207.0,1188.77,223.0,1280.65,228.0,1309.37,248.0,1424.22,275.0,1579.28,306.0,1757.31,415.0,2383.28,520.0,2986.27,594.0,3411.24447,650.0,3732.84,674.0,3870.67134,721.0,4140.58462,737.0,4232.47,818.0,4697.64,837.0,4806.75,908.0,5214.49,948.0,5444.21,988.0,5673.92,1072.0,6156.32,1171.0,6724.86,1256.0,7213.0,1326.0,7615.0,1381.0,7930.86,1458.0,8373.05,1493.0,8574.05,1526.0,8763.57,1555.0,8930.11,1568.0,9004.77,1597.0,9171.31,17413.0,1629.0,9136.29,1694.0,9500.84,1754.0,9837.35,1803.0,10112.17,1846.0,10353.34,1899.0,10650.59,1925.0,10796.41,1967.0,11031.97,1995.0,11189.01,2021.0,11334.83,2041.0,11447.0,2056.0,11531.13,2072.0,11620.86,2111.0,11839.6,2162.0,12125.63,2214.0,12417.27,2247.0,12602.36,2286.0,12821.09,2292.0,12854.74,17830.0
5404.0,614.50422,VILLAMAYOR,11.0,251.31368,11.0,251.31368,11.0,251.31368,11.0,251.31368,11.0,251.31368,11.0,251.31368,11.0,251.31368,11.0,251.31368,11.0,251.31368,11.0,251.31368,12.0,274.16038,13.0,297.00708,13.0,297.00708,13.0,297.00708,14.0,319.85378,14.0,319.85378,14.0,319.85378,15.0,342.70048,15.0,342.70048,15.0,342.70048,15.0,342.70048,15.0,342.70048,15.0,342.70048,17.0,388.39,19.0,434087.0,19.0,434.09,20.0,456.93,21.0,479.78,22.0,502.63,22.0,502.63,22.0,502.63,22.0,502.63,22.0,502.63,26.0,594.01,28.0,639.71,30.0,685.4,36.0,822.48,49.0,1119.48823,52.0,1188.03,56.0,1279.41512,68.0,1553.57551,69.0,1576.42,75.0,1713.5,82.0,1873.43,85.0,1941.97,105.0,2398.9,131.0,2992.92,150.0,3427.0,162.0,3701.17,175.0,3998.17,186.0,4249.49,190.0,4340.87,191.0,4363.72,192.0,4386.57,206.0,4706.42,213.0,4866.35,217.0,4957.73,223.0,5094.81,4377.0,230.0,5208.33,268.0,6068.84,303.0,6861.41,321.0,7269.02,334.0,7563.41,344.0,7789.86,347.0,7857.79,356.0,8061.59,360.0,8152.17,361.0,8174.82,364.0,8242.75,369.0,8355.98,371.0,8401.27,375.0,8491.85,376.0,8514.49,380.0,8605.07,383.0,8673.01,388.0,8786.23,397.0,8990.04,4416.0
5406.0,1.13239,ACTUR SUR,66.0,439.94134,66.0,439.94134,67.0,446.60712,69.0,459.93867,70.0,466.60445,73.0,486.60179,74.0,493.26756,77.0,513.2649,78.0,519.93068,78.0,519.93068,88.0,586.58845,98.0,653.24623,99.0,659.91201,101.0,673.24357,109.0,726.56979,114.0,759.89868,126.0,839.88801,127.0,846.55379,128.0,853.21957,129.0,859.88535,130.0,866.55113,132.0,879.88268,132.0,879.88268,141.0,939.87,143.0,953206.0,149.0,993.2,154.0,1026.53,160.0,1066.52,170.0,1133.18,172.0,1146.51,171.0,1139.85,172.0,1146.51,176.0,1173.18,187.0,1246.5,222.0,1479.8,263.0,1753.1,292.0,1946.41,315.0,2099.72004,340.0,2266.36,359.0,2393.01426,396.0,2639.64805,406.0,2706.31,437.0,2912.94,445.0,2966.27,483.0,3219.57,526.0,3506.2,560.0,3732.84,653.0,4352.75,768.0,5119.32,823.0,5485.94,875.0,5832.56,896.0,5972.54,912.0,6079.19,920.0,6132.52,930.0,6199.17,936.0,6239.17,959.0,6392.48,984.0,6559.13,15002.0,1022.0,6879.84,1074.0,7229.89,1122.0,7553.01,1152.0,7754.96,1187.0,7990.58,1209.0,8138.67,1232.0,8293.5,1243.0,8367.55,1254.0,8441.6,1263.0,8502.19,1270.0,8549.31,1287.0,8663.75,1293.0,8704.14,1314.0,8845.51,1329.0,8946.48,1348.0,9074.39,1364.0,9182.09,1409.0,9485.02,1423.0,9579.27,14855.0
5407.0,0.99796,ARRABAL,102.0,502.19093,102.0,502.19093,112.0,551.42534,112.0,551.42534,124.0,610.50662,125.0,615.43006,122.0,600.65974,127.0,625.27694,125.0,615.43006,127.0,625.27694,133.0,654.81759,135.0,664.66447,135.0,664.66447,141.0,694.20511,142.0,699.12855,147.0,723.74575,169.0,832.06145,170.0,836.98488,174.0,856.67865,175.0,861.60209,177.0,871.44897,195.0,960.0709,196.0,964.99434,271.0,1334.25,288.0,1417951.0,306.0,1506.57,310.0,1526.27,312.0,1536.11,315.0,1550.88,315.0,1550.88,318.0,1565.65,321.0,1580.42,325.0,1600.12,341.0,1678.89,407.0,2003.84,438.0,2156.47,472.0,2323.86,515.0,2535.57186,549.0,2702.97,575.0,2830.97829,657.0,3234.70041,662.0,3259.32,773.0,3805.82,822.0,4047.07,863.0,4248.93,914.0,4500.02,954.0,4696.96,1045.0,5145.0,1122.0,5524.1,1169.0,5755.5,1229.0,6050.91,1275.0,6277.39,1306.0,6430.01,1330.0,6548.18,1339.0,6592.49,1363.0,6710.65,1387.0,6828.81,1419.0,6986.36,20311.0,1474.0,7301.73,1536.0,7608.86,1610.0,7975.43,1650.0,8173.58,1683.0,8337.05,1700.0,8421.26,1719.0,8515.38,1734.0,8589.69,1761.0,8723.44,1776.0,8797.74,1795.0,8891.86,1811.0,8971.12,1824.0,9035.52,1856.0,9194.04,1887.0,9347.6,1915.0,9486.3,1933.0,9575.47,1963.0,9724.08,2003.0,9922.23,20187.0
5408.0,5.55097,AVDA CATALUÑA,304.0,912.11857,306.0,918.11936,320.0,960.12482,336.0,1008.13106,338.0,1014.13184,342.0,1026.1334,350.0,1050.13652,365.0,1095.14237,367.0,1101.14315,369.0,1107.14393,386.0,1158.15056,393.0,1179.15329,394.0,1182.15368,403.0,1209.15719,416.0,1248.16226,419.0,1257.16343,463.0,1389.18059,463.0,1389.18059,469.0,1407.18293,478.0,1434.18644,484.0,1452.18879,497.0,1491.19385,497.0,1491.19385,517.0,1551.2,537.0,1611209.0,560.0,1680.22,569.0,1707.22,581.0,1743.23,587.0,1761.23,595.0,1785.23,603.0,1809.24,601.0,1803.23,613.0,1839.24,643.0,1929.25,726.0,2178.28,837.0,2511.33,885.0,2655.35,976.0,2928.38069,1016.0,3048.4,1069.0,3207.41696,1165.0,3495.45441,1192.0,3576.46,1297.0,3891.51,1301.0,3903.51,1334.0,4002.52,1416.0,4248.55,1503.0,4509.59,1668.0,5004.65,1849.0,5547.72,1947.0,5841.76,2057.0,6171.8,2156.0,6468.84,2210.0,6630.86,2229.0,6687.87,2253.0,6759.88,2309.0,6927.9,2342.0,7026.91,2419.0,7257.94,33329.0,2497.0,7468.89,2614.0,7818.86,2739.0,8192.75,2821.0,8438.02,2897.0,8665.35,2941.0,8796.96,2976.0,8901.65,3022.0,9039.24,3058.0,9146.93,3085.0,9227.69,3113.0,9311.44,3139.0,9389.21,3175.0,9496.89,3224.0,9643.46,3267.0,9772.07,3322.0,9936.59,3371.0,10083.15,3472.0,10385.26,3507.0,10489.95,33432.0
5409.0,113.16832,SANTA ISABEL,42.0,189.4452,42.0,189.4452,46.0,207.4876,52.0,234.5512,54.0,243.5724,56.0,252.59359,75.0,338.29499,74.0,333.78439,74.0,333.78439,76.0,342.80559,74.0,333.78439,79.0,356.33739,78.0,351.82679,78.0,351.82679,81.0,365.35859,81.0,365.35859,112.0,505.18719,112.0,505.18719,113.0,509.69779,115.0,518.71899,117.0,527.74019,134.0,604.42039,140.0,631.48399,148.0,667.57,162.0,730717.0,183.0,825.44,188.0,847.99,192.0,866.04,197.0,888.59,202.0,911.14,204.0,920.16,205.0,924.67,205.0,924.67,216.0,974.29,240.0,1082.54,313.0,1411.82,348.0,1569.69,382.0,1723.04917,408.0,1840.32,441.0,1989.17456,485.0,2187.64096,512.0,2309.43,560.0,2525.94,571.0,2575.55,609.0,2746.96,647.0,2918.36,694.0,3130.36,788.0,3554.35,867.0,3910.69,947.0,4271.54,987.0,4451.96,1028.0,4636.9,1075.0,4848.89,1114.0,5024.81,1166.0,5259.36,1201.0,5417.23,1225.0,5525.48,1250.0,5638.25,22170.0,1301.0,5901.83,1382.0,6269.28,1461.0,6627.65,1511.0,6854.47,1576.0,7149.34,1611.0,7308.11,1635.0,7416.98,1662.0,7539.47,1685.0,7643.8,1694.0,7684.63,1701.0,7716.39,1713.0,7770.82,1728.0,7838.87,1754.0,7956.81,1784.0,8092.91,1802.0,8174.56,1828.0,8292.51,1864.0,8455.82,1882.0,8537.47,22044.0
5410.0,1.73306,ZALFONADA,108.0,460.0247,108.0,460.0247,112.0,477.06266,111.0,472.80317,114.0,485.58163,123.0,523.91702,130.0,553.73344,130.0,553.73344,139.0,592.06883,159.0,677.25859,160.0,681.51808,166.0,707.07501,167.0,711.3345,175.0,745.4104,183.0,779.48631,187.0,796.52426,243.0,1035.05559,244.0,1039.31507,230.0,979.68224,239.0,1018.01763,249.0,1060.61251,263.0,1120.24535,257.0,1094.68842,269.0,1145.8,300.0,1277846.0,326.0,1388.59,340.0,1448.23,351.0,1495.08,355.0,1512.12,360.0,1533.42,369.0,1571.75,379.0,1614.35,390.0,1661.2,411.0,1750.65,461.0,1963.62,512.0,2180.86,552.0,2351.24,602.0,2564.21178,641.0,2730.33,688.0,2930.52775,763.0,3249.98935,794.0,3382.03,865.0,3684.46,884.0,3765.39,926.0,3944.29,985.0,4195.6,1036.0,4412.83,1129.0,4808.96,1293.0,5507.52,1402.0,5971.8,1458.0,6210.33,1501.0,6393.49,1541.0,6563.87,1564.0,6661.84,1580.0,6729.99,1608.0,6849.26,1628.0,6934.45,1670.0,7113.34,23477.0,1724.0,7372.88,1797.0,7685.07,1889.0,8078.52,1959.0,8377.88,2021.0,8643.03,2060.0,8809.82,2084.0,8912.46,2107.0,9010.82,2127.0,9096.35,2139.0,9147.67,2152.0,9203.27,2168.0,9271.69,2180.0,9323.01,2214.0,9468.42,2246.0,9605.27,2294.0,9810.55,2335.0,9985.89,2419.0,10345.12,2453.0,10490.53,23383.0
5412.0,0.88708,ACTUR NORTE,113.0,600.93597,113.0,600.93597,124.0,659.43416,129.0,686.02425,135.0,717.93236,137.0,728.56839,139.0,739.20443,141.0,749.84046,143.0,760.47649,152.0,808.33865,160.0,850.88279,162.0,861.51883,162.0,861.51883,165.0,877.47288,167.0,888.10891,170.0,904.06296,183.0,973.19719,184.0,978.51521,187.0,994.46926,191.0,1015.74133,192.0,1021.05935,195.0,1037.0134,195.0,1037.0134,208.0,1106.15,222.0,1180.6,229.0,1217.83,235.0,1249.73,246.0,1308.23,251.0,1334.82,254.0,1350.78,257.0,1366.73,261.0,1388.0,268.0,1425.23,279.0,1483.73,310.0,1648.59,347.0,1845.35,363.0,1930.44,412.0,2191.02319,436.0,2318.66,450.0,2393.10785,495.0,2632.41863,517.0,2749.42,574.0,3052.54,598.0,3180.17,637.0,3387.58,706.0,3754.52,771.0,4100.19,876.0,4658.58,979.0,5206.34,1062.0,5647.73,1132.0,6020.0,1160.0,6168.9,1193.0,6344.39,1215.0,6461.39,1238.0,6583.71,1256.0,6679.43,1275.0,6780.47,1291.0,6865.56,18804.0,1322.0,7040.15,1366.0,7274.47,1457.0,7759.08,1508.0,8030.67,1556.0,8286.29,1575.0,8387.47,1589.0,8462.03,1606.0,8552.56,1623.0,8643.09,1638.0,8722.97,1644.0,8754.93,1660.0,8840.13,1674.0,8914.69,1700.0,9053.15,1716.0,9138.35,1732.0,9223.56,1752.0,9330.07,1794.0,9553.73,1810.0,9638.94,18778.0
5413.0,2.8942,ACTUR OESTE,117.0,751.5899,117.0,751.5899,120.0,770.86144,123.0,790.13297,123.0,790.13297,126.0,809.40451,124.0,796.55682,131.0,841.52374,129.0,828.67605,133.0,854.37143,141.0,905.76219,143.0,918.60988,143.0,918.60988,145.0,931.45757,150.0,963.5768,154.0,989.27218,173.0,1111.32524,174.0,1117.74908,181.0,1162716.0,279.0,1792.25284,250.0,1605.96133,276.0,1772.98131,276.0,1772.98131,290.0,1862.92,319.0,2049207.0,346.0,2222.65,360.0,2312.58,373.0,2396.09,379.0,2434.64,382.0,2453.91,398.0,2556.69,398.0,2556.69,401.0,2575.96,415.0,2665.9,469.0,3012.78,510.0,3276.16,547.0,3513.84,591.0,3796.49258,609.0,3912.12,629.0,4040.5987,665.0,4271.85713,698.0,4483.84,744.0,4779.34,754.0,4843.58,783.0,5029.87,819.0,5261.13,859.0,5518.08,946.0,6076.96,1029.0,6610.14,1100.0,7066.23,1131.0,7265.37,1161.0,7458.08,1181.0,7586.56,1201.0,7715.04,1222.0,7849.94,1231.0,7907.75,1249.0,8023.38,1281.0,8228.95,15567.0,1327.0,8581.78,1369.0,8853.39,1419.0,9176.74,1458.0,9428.96,1515.0,9797.58,1543.0,9978.66,1565.0,10120.93,1578.0,10205.01,1589.0,10276.14,1594.0,10308.48,1601.0,10353.75,1604.0,10373.15,1617.0,10457.22,1631.0,10547.76,1645.0,10638.3,1662.0,10748.24,1679.0,10858.18,1712.0,11071.59,1744.0,11278.54,15463.0
5414.0,318.26166,PARQUE GOYA,27.0,189.67334,27.0,189.67334,38.0,266.94766,39.0,273.9726,46.0,323.14717,50.0,351.24693,55.0,386.37162,68.0,477.69582,68.0,477.69582,71.0,498.77064,74.0,519.84545,73.0,512.82051,74.0,519.84545,81.0,569.02002,86.0,604.14471,97.0,681.41904,119.0,835.96768,119.0,835.96768,120.0,842.99262,124.0,871.09238,126.0,885.14225,131.0,920.26695,132.0,927.29189,143.0,1004.57,149.0,1046716.0,172.0,1208.29,185.0,1299.61,194.0,1362.84,197.0,1383.91,199.0,1397.96,204.0,1433.09,205.0,1440.11,208.0,1461.19,215.0,1510.36,247.0,1735.16,289.0,2030.21,314.0,2205.83,338.0,2374.42922,375.0,2634.35,388.0,2725.67615,417.0,2929.39937,454.0,3189.32,531.0,3730.24,546.0,3835.62,573.0,4025.29,601.0,4221.99,642.0,4510.01,724.0,5086.06,835.0,5865.82,916.0,6434.84,973.0,6835.27,1005.0,7060.06,1034.0,7263.79,1050.0,7376.19,1068.0,7502.63,1094.0,7685.28,1118.0,7853.88,1157.0,8127.85,14235.0,1192.0,8335.08,1243.0,8691.7,1295.0,9055.31,1327.0,9279.07,1352.0,9453.88,1381.0,9656.67,1393.0,9740.58,1402.0,9803.51,1407.0,9838.47,1417.0,9908.4,1424.0,9957.35,1440.0,10069.23,1458.0,10195.09,1488.0,10404.87,1513.0,10579.68,1543.0,10789.46,1560.0,10908.33,1605.0,11222.99,1616.0,11299.91,14301.0
